Top consultas,Cliques,Impressões,CTR,Posição
massagista trans,6,36,16.67%,10.11
dany massagem,5,14,35.71%,1.5
massagem perto de mim,4,13,30.77%,11.62
dani massagista,3,30,10%,2.47
massagista,2,26,7.69%,86.54
massagem vila mariana,2,10,20%,38.3
massagistas,2,7,28.57%,89.29
acompanhantes,1,18,5.56%,14.72
massagem,1,13,7.69%,32
travesti massagista,1,8,12.5%,8
massagem com finalizacao,1,7,14.29%,10.57
casa de massagem perto de mim,1,7,14.29%,11.71
massagem tantrica,1,7,14.29%,81
massagem trans sp,1,6,16.67%,13.83
massagem tantrica sp,1,6,16.67%,118.5
massagista perto de mim,1,4,25%,11.25
massagem masculina vila mariana,1,4,25%,34.5
massagista sensual,1,4,25%,109.5
massagem tântrica trans,1,3,33.33%,12.33
massagem tantrica perto de mim,1,3,33.33%,20.33
massagistas vila mariana,1,2,50%,1
acompanhantes vila mariana,1,2,50%,9
massagem na vila mariana,1,2,50%,9
casa de massagem na vila mariana,1,2,50%,18.5
massagem nuru perto de mim,1,2,50%,23.5
massagista erotica,1,2,50%,156.5
acompanhantes de luxo,1,1,100%,1
massagista relaxante,1,1,100%,1
massagem tantra,1,1,100%,2
massagista travesti,1,1,100%,5
massagem sensual em sp,1,1,100%,77
massagem trans,0,11,0%,15.91
casa de massagem sao paulo,0,11,0%,66.64
massagem sensual,0,10,0%,76.7
casa de massagem,0,8,0%,18.88
massagista vila mariana,0,7,0%,13.57
massagem sao paulo,0,7,0%,69.29
massagista trans sp,0,6,0%,18
massagem tantrica sao paulo,0,6,0%,93.67
massagem erótica,0,6,0%,94.17
massagem nuru sp,0,6,0%,138.67
casa de massagem vila mariana,0,5,0%,32.4
massagem nuru,0,5,0%,41
massagem masculina sp,0,5,0%,64.4
acompanhante massagista,0,5,0%,70.6
massagem sensual perto de mim,0,5,0%,71.6
dani massagem,0,4,0%,1.25
acompanhante,0,4,0%,8.75
massagem nuru vila mariana,0,4,0%,28.5
tantrica vila mariana,0,4,0%,34.25
massagem erotica vila mariana,0,4,0%,58
massagem erotica,0,4,0%,59
massagem tântrica,0,4,0%,68
skokka massagem,0,3,0%,5
casa de massagem com finalizacao,0,3,0%,7
acompanhante em são paulo,0,3,0%,8
massagista trans em sp,0,3,0%,8.67
massagem travesti sp,0,3,0%,9.67
massagem paraiso,0,3,0%,10.33
acompanhantes sp,0,3,0%,12
massagem travesti sao paulo,0,3,0%,15
massagista coroa,0,3,0%,17
massagista trans sao paulo,0,3,0%,19.33
casa de massagem em são paulo,0,3,0%,29.67
massagem erotica perto de mim,0,3,0%,31.33
casa de massagem erotica,0,3,0%,96.33
massagem tântrica em são paulo,0,3,0%,107
massagista tantrica,0,3,0%,108.33
massagem sp,0,3,0%,164
dani massoterapeuta,0,2,0%,1
dani cardillo,0,2,0%,4
acompanhantes perto de mim,0,2,0%,9
massagista trans perto de mim,0,2,0%,9
massagista trans em sao paulo,0,2,0%,10.5
massagem com trans,0,2,0%,14
casa de massagem sensual sp,0,2,0%,17
travesti massagem sp,0,2,0%,17
massagem com finalização,0,2,0%,20.5
massagem trans sao paulo,0,2,0%,20.5
massagistas coroas,0,2,0%,23.5
massagem.tantrica,0,2,0%,33.5
massagem sensual vila mariana,0,2,0%,34.5
massagem tantrica vila mariana,0,2,0%,37
massagista sao paulo,0,2,0%,37
massagistas eroticas em santos,0,2,0%,42.5
massagistas sensuais,0,2,0%,44
massagem vila.mariana,0,2,0%,52.5
massagista em sao paulo,0,2,0%,61.5
massagem nuru são paulo,0,2,0%,69
massoterapeuta vila mariana,0,2,0%,72.5
massagem nuru em sp,0,2,0%,90
casa de massagem são paulo,0,2,0%,91.5
massagista sensual perto de mim,0,2,0%,99.5
massagem nuru sao paulo,0,2,0%,138
acompanhante coroa,0,1,0%,1
acompanhante coroa sp,0,1,0%,1
casas de massagem,0,1,0%,1
dani massagens,0,1,0%,1
dany,0,1,0%,1
dany massagista,0,1,0%,1
masagem,0,1,0%,1
massagem sensual jardins,0,1,0%,1
massagem tântrica vila mariana,0,1,0%,1
massagens,0,1,0%,1
massagens relaxantes perto de mim,0,1,0%,1
massoterpeuta,0,1,0%,1
massoterapeuta,0,1,0%,2
massagem transexual,0,1,0%,3
dani lisboa massage,0,1,0%,4
massagen erotica,0,1,0%,4
casa de massagens perto de mim,0,1,0%,5
dani,0,1,0%,5
massagem alto paraiso,0,1,0%,6
travesti massagem,0,1,0%,6
depiladora trans,0,1,0%,7
garota programa vila mariana,0,1,0%,7
massagista transex,0,1,0%,7
travestis massagista,0,1,0%,7
garotas de programa perto de mim,0,1,0%,8
massagem antistress,0,1,0%,8
massagem nuru paraiso,0,1,0%,8
massagista travesti sp,0,1,0%,8
travesti acompanhante,0,1,0%,8
travesti massagista sp,0,1,0%,8
garota com local vila mariana,0,1,0%,9
massagem sensual saude,0,1,0%,9
massagista transexual,0,1,0%,9
acompanhante proximo,0,1,0%,10
acompanhante travesty,0,1,0%,10
casa de massagem com finalização,0,1,0%,10
casa de massagem paraiso,0,1,0%,10
garotas com local,0,1,0%,10
travestis acompanhante sao paulo,0,1,0%,10
acompanhante sp,0,1,0%,16
massagista perto de mim abertos agora,0,1,0%,16
massagista sensual vila mariana,0,1,0%,16
trans depilação,0,1,0%,16
massagem masculina perto de mim,0,1,0%,17
acompanhantes sao paulo,0,1,0%,18
casa.de.massagem,0,1,0%,18
massagem relaxante com finalizacao,0,1,0%,18
massagem tantrica com trans,0,1,0%,18
massagem tantrica trans,0,1,0%,18
massagem tântrica perto de mim,0,1,0%,18
casa de massagem aclimacao,0,1,0%,19
garotas programa,0,1,0%,19
massagem no paraiso,0,1,0%,19
massagem relaxante sao paulo,0,1,0%,19
massagem.com.finalizacao,0,1,0%,19
massagistas perto de mim,0,1,0%,19
massagista na vila mariana,0,1,0%,21
massoterapeuta perto de mim,0,1,0%,22
clínica de massagem,0,1,0%,25
massagem em sao paulo,0,1,0%,25
casa massagem sao paulo,0,1,0%,26
massagem com finalização sp,0,1,0%,28
massagem nuru vila clementino,0,1,0%,28
massagem sensual sao paulo,0,1,0%,28
casa de massagem em sp,0,1,0%,38
massagem erotica sao paulo,0,1,0%,40
melhor casa de massagem sao paulo,0,1,0%,40
casa de massagem erotica em sao paulo,0,1,0%,41
massagem tantrica masculina,0,1,0%,42
acompanhantes massagista sp,0,1,0%,45
massagem tantrica perto,0,1,0%,47
massagem erótica perto de mim,0,1,0%,54
massagem sensual near me,0,1,0%,55
massagista na saude,0,1,0%,57
massagem nuru avenida paulista,0,1,0%,60
massagem e acompanhante,0,1,0%,61
massagista erotica sao paulo,0,1,0%,61
casa de massagem tantrica,0,1,0%,63
massagista em são paulo,0,1,0%,67
casa de massagem em sao paulo,0,1,0%,68
massagem masculina,0,1,0%,70
massagista sp,0,1,0%,70
massagem erotica bela vista,0,1,0%,72
sao paulo massagista,0,1,0%,72
masaje tantrico sao paulo,0,1,0%,76
massoterapeutas sp,0,1,0%,76
massagem erotica são paulo,0,1,0%,81
massoterapeuta sp,0,1,0%,81
tantrica sao paulo,0,1,0%,81
casa de massagem erotica sao paulo,0,1,0%,82
massagem erotica sp,0,1,0%,88
massagista centro,0,1,0%,92
massagem tantrica sao.paulo,0,1,0%,94
massoterapia vila mariana,0,1,0%,98
massagistas em sp,0,1,0%,103
massagista sensual sao paulo,0,1,0%,107
massagem tantrica em sao paulo,0,1,0%,111
massoterapeuta são paulo,0,1,0%,122
casas de massagem erotica,0,1,0%,131
casa de massagem tantrica em sao paulo,0,1,0%,133
massagista tantrica sp,0,1,0%,133
massagem tantrica em sp,0,1,0%,135
nuru sp,0,1,0%,138
terapeuta tantrica sp,0,1,0%,139
massagem masculina sao paulo,0,1,0%,143
massagista tântrica,0,1,0%,149
massagistas sp,0,1,0%,150
casa massagem erotica,0,1,0%,154
casa de massagem erótica,0,1,0%,156
massoterapeuta sao paulo,0,1,0%,168
massagem sensual sp,0,1,0%,170
massagem tantrica são paulo,0,1,0%,170